Tipo de Incidencia,Clave de incidencia,ID de la incidencia,Resumen,Persona asignada,ID de la persona asignada,Informador,ID del informador,Prioridad,Estado,Resolución,Creada,Actualizada,Fecha de vencimiento,Campo personalizado (Fecha de inicio)
Epic,FDG-11,10058,Simulación fábrica de galletas,,,Jasmine Torres,712020:46018a4b-1781-46b7-80e1-0bfd407a4229,Medium,En curso,,03/10/2026 16:27,03/10/2026 16:34,04/10/2026 00:00,23/08/2026 00:00
Historia,FDG-10,10053,Informe y presentación,,,Jasmine Torres,712020:46018a4b-1781-46b7-80e1-0bfd407a4229,Medium,Por hacer,,03/10/2026 16:27,03/10/2026 16:27,04/10/2026 00:00,27/09/2026 00:00
Historia,FDG-9,10052,Ejecutar escenarios y analizar resultados,,,Jasmine Torres,712020:46018a4b-1781-46b7-80e1-0bfd407a4229,High,Por hacer,,03/10/2026 16:27,03/10/2026 16:27,04/10/2026 00:00,20/09/2026 00:00
Historia,FDG-8,10048,Dashboard de métricas en tiempo real (Outputs),,,Jasmine Torres,712020:46018a4b-1781-46b7-80e1-0bfd407a4229,Medium,Por hacer,,03/10/2026 16:27,03/10/2026 16:27,04/10/2026 00:00,20/09/2026 00:00
Historia,FDG-7,10051,Panel de configuración de variables (Inputs),,,Jasmine Torres,712020:46018a4b-1781-46b7-80e1-0bfd407a4229,Medium,Por hacer,,03/10/2026 16:27,03/10/2026 16:27,26/09/2026 00:00,13/09/2026 00:00
Historia,FDG-6,10057,Sincronizar estaciones con colas de espera,,,Jasmine Torres,712020:46018a4b-1781-46b7-80e1-0bfd407a4229,High,En curso,,03/10/2026 16:27,03/10/2026 16:27,19/09/2026 00:00,06/09/2026 00:00
Historia,FDG-5,10050,"Simular moldeado, horneado, enfriamiento y empaque",,,Jasmine Torres,712020:46018a4b-1781-46b7-80e1-0bfd407a4229,High,En curso,,03/10/2026 16:27,03/10/2026 16:27,19/09/2026 00:00,06/09/2026 00:00
Historia,FDG-4,10056,Simular el mezclado y amasado,,,Jasmine Torres,712020:46018a4b-1781-46b7-80e1-0bfd407a4229,High,Listo,,03/10/2026 16:27,03/10/2026 16:27,19/09/2026 00:00,06/09/2026 00:00
Historia,FDG-3,10055,Diseñar el modelo y el diagrama BPMN,,,Jasmine Torres,712020:46018a4b-1781-46b7-80e1-0bfd407a4229,High,Listo,,03/10/2026 16:27,03/10/2026 16:27,12/09/2026 00:00,30/08/2026 00:00
Historia,FDG-2,10054,Analizar los procesos de la fábrica de galletas,,,Jasmine Torres,712020:46018a4b-1781-46b7-80e1-0bfd407a4229,High,Listo,,03/10/2026 16:27,03/10/2026 16:27,05/09/2026 00:00,23/08/2026 00:00
Historia,FDG-1,10049,Definir objetivos y alcance de la simulación,,,Jasmine Torres,712020:46018a4b-1781-46b7-80e1-0bfd407a4229,High,Listo,,03/10/2026 16:27,03/10/2026 16:27,29/08/2026 00:00,23/08/2026 00:00
Epic,SBB-11,10043,Simulación Banco Bansiso,,,Jasmine Torres,712020:46018a4b-1781-46b7-80e1-0bfd407a4229,Medium,En curso,,03/10/2026 16:20,03/10/2026 16:20,11/10/2026 00:00,07/09/2026 00:00
Historia,SBB-10,10038,Generar informe final y documentar,,,Jasmine Torres,712020:46018a4b-1781-46b7-80e1-0bfd407a4229,Medium,Por hacer,,03/10/2026 16:20,03/10/2026 16:20,11/10/2026 00:00,05/10/2026 00:00
Historia,SBB-9,10037,Contar clientes atendidos y en espera,,,Jasmine Torres,712020:46018a4b-1781-46b7-80e1-0bfd407a4229,Medium,Por hacer,,03/10/2026 16:20,03/10/2026 16:20,11/10/2026 00:00,28/09/2026 00:00
Historia,SBB-8,10044,Calcular tiempo de espera promedio,,,Jasmine Torres,712020:46018a4b-1781-46b7-80e1-0bfd407a4229,Medium,Por hacer,,03/10/2026 16:20,03/10/2026 16:20,11/10/2026 00:00,28/09/2026 00:00
Historia,SBB-7,10047,Configurar número de ventanillas (N),,,Jasmine Torres,712020:46018a4b-1781-46b7-80e1-0bfd407a4229,High,En curso,,03/10/2026 16:20,03/10/2026 16:20,04/10/2026 00:00,21/09/2026 00:00
Historia,SBB-6,10042,Asignar clientes a ventanillas,,,Jasmine Torres,712020:46018a4b-1781-46b7-80e1-0bfd407a4229,High,En curso,,03/10/2026 16:20,03/10/2026 16:20,04/10/2026 00:00,21/09/2026 00:00
Historia,SBB-5,10046,Implementar la fila FIFO,,,Jasmine Torres,712020:46018a4b-1781-46b7-80e1-0bfd407a4229,High,En curso,,03/10/2026 16:20,03/10/2026 16:20,04/10/2026 00:00,21/09/2026 00:00
Historia,SBB-4,10041,Generar la llegada de clientes,,,Jasmine Torres,712020:46018a4b-1781-46b7-80e1-0bfd407a4229,High,En curso,,03/10/2026 16:20,03/10/2026 16:20,04/10/2026 00:00,21/09/2026 00:00
Historia,SBB-3,10040,Diseñar diagrama de flujo y modelo,,,Jasmine Torres,712020:46018a4b-1781-46b7-80e1-0bfd407a4229,High,Listo,,03/10/2026 16:20,03/10/2026 16:20,27/09/2026 00:00,14/09/2026 00:00
Historia,SBB-2,10039,Recolectar tiempos de atención,,,Jasmine Torres,712020:46018a4b-1781-46b7-80e1-0bfd407a4229,High,Listo,,03/10/2026 16:20,03/10/2026 16:20,20/09/2026 00:00,07/09/2026 00:00
Historia,SBB-1,10045,Definir requerimientos y alcance,,,Jasmine Torres,712020:46018a4b-1781-46b7-80e1-0bfd407a4229,High,Listo,,03/10/2026 16:20,03/10/2026 16:20,13/09/2026 00:00,07/09/2026 00:00
Epic,SC-11,10031,Simulación Corona,,,Jasmine Torres,712020:46018a4b-1781-46b7-80e1-0bfd407a4229,Medium,En curso,,03/10/2026 16:11,03/10/2026 16:11,18/10/2026 00:00,07/09/2026 00:00
Historia,SC-10,10036,Documentar y presentar el proyecto,,,Jasmine Torres,712020:46018a4b-1781-46b7-80e1-0bfd407a4229,Medium,Por hacer,,03/10/2026 16:11,03/10/2026 16:11,18/10/2026 00:00,12/10/2026 00:00
Historia,SC-9,10035,Integrar módulos y realizar pruebas,,,Jasmine Torres,712020:46018a4b-1781-46b7-80e1-0bfd407a4229,High,Por hacer,,03/10/2026 16:11,03/10/2026 16:11,18/10/2026 00:00,05/10/2026 00:00
Historia,SC-8,10026,Analizar escenarios de demanda y capacidad,,,Jasmine Torres,712020:46018a4b-1781-46b7-80e1-0bfd407a4229,Medium,Por hacer,,03/10/2026 16:11,03/10/2026 16:11,18/10/2026 00:00,05/10/2026 00:00
Historia,SC-7,10034,Simular distribución y entrega,,,Jasmine Torres,712020:46018a4b-1781-46b7-80e1-0bfd407a4229,Medium,Por hacer,,03/10/2026 16:11,03/10/2026 16:11,11/10/2026 00:00,28/09/2026 00:00
Historia,SC-6,10030,Registrar pedidos y ventas,,,Jasmine Torres,712020:46018a4b-1781-46b7-80e1-0bfd407a4229,Medium,En curso,,03/10/2026 16:11,03/10/2026 16:11,11/10/2026 00:00,28/09/2026 00:00
Historia,SC-5,10033,Controlar inventario y almacenamiento,,,Jasmine Torres,712020:46018a4b-1781-46b7-80e1-0bfd407a4229,High,En curso,,03/10/2026 16:11,03/10/2026 16:11,04/10/2026 00:00,21/09/2026 00:00
Historia,SC-4,10029,Simular la elaboración de la cerveza,,,Jasmine Torres,712020:46018a4b-1781-46b7-80e1-0bfd407a4229,High,En curso,,03/10/2026 16:11,03/10/2026 16:11,04/10/2026 00:00,21/09/2026 00:00
Historia,SC-3,10028,Diseñar la simulación,,,Jasmine Torres,712020:46018a4b-1781-46b7-80e1-0bfd407a4229,High,Listo,,03/10/2026 16:11,03/10/2026 16:11,27/09/2026 00:00,14/09/2026 00:00
Historia,SC-2,10027,Analizar los procesos de la empresa,,,Jasmine Torres,712020:46018a4b-1781-46b7-80e1-0bfd407a4229,High,Listo,,03/10/2026 16:11,03/10/2026 16:11,20/09/2026 00:00,07/09/2026 00:00
Historia,SC-1,10032,Definir objetivos y alcance,,,Jasmine Torres,712020:46018a4b-1781-46b7-80e1-0bfd407a4229,High,Listo,,03/10/2026 16:11,03/10/2026 16:11,13/09/2026 00:00,07/09/2026 00:00
